{
  "NetworkTables": {
    "Values": {
      "open": false
    },
    "connections": true,
    "tree": false,
    "types": {
      "/FMSInfo": "FMSInfo",
      "/LiveWindow/HoodSubsystem": "Subsystem",
      "/LiveWindow/ShooterSubsystem": "Subsystem",
      "/LiveWindow/Ungrouped/Scheduler": "Scheduler"
    }
  },
  "NetworkTables Settings": {
    "mode": "Client"
  },
  "Plots": {
    "Plot <0>": {
      "plots": [
        {
          "height": 326,
          "series": [
            {
              "color": [
                0.2980392277240753,
                0.44705885648727417,
                0.6901960968971252,
                1.0
              ],
              "id": "NT:/datatable/yaw acceleration"
            }
          ]
        }
      ]
    },
    "Plot <1>": {
      "plots": [
        {
          "height": 501,
          "series": [
            {
              "color": [
                0.2980392277240753,
                0.44705885648727417,
                0.6901960968971252,
                1.0
              ],
              "id": "NT:/datatable/pitch acceleration"
            },
            {
              "color": [
                0.8666667342185974,
                0.5176470875740051,
                0.32156863808631897,
                1.0
              ],
              "id": "NT:/datatable/pitch gyro"
            }
          ]
        }
      ]
    },
    "Plot <2>": {
      "plots": [
        {
          "height": 384,
          "series": [
            {
              "color": [
                0.2980392277240753,
                0.44705885648727417,
                0.6901960968971252,
                1.0
              ],
              "id": "NT:/datatable/roll acceleration"
            }
          ]
        }
      ]
    },
    "Plot <3>": {
      "plots": [
        {
          "height": 526,
          "series": [
            {
              "color": [
                0.2980392277240753,
                0.44705885648727417,
                0.6901960968971252,
                1.0
              ],
              "id": "NT:/datatable/pitch gyro"
            },
            {
              "color": [
                0.8666667342185974,
                0.5176470875740051,
                0.32156863808631897,
                1.0
              ],
              "id": "NT:/datatable/yaw gyro"
            }
          ]
        }
      ]
    }
  }
}
